{
  "loss": [
    4.79498815536499,
    5.77786111831665
  ],
  "reconstruction_loss": [
    4.79498815536499,
    4.50289249420166
  ],
  "kl_loss": [
    131.41940307617188,
    127.49687194824219
  ],
  "kl_weight": [
    0.01,
    0.02
  ],
  "beta": [
    1.0,
    1.0
  ],
  "spatial_metrics": [
    {
      "epoch": 1,
      "avg_distance": 