{
  "train_loss": [],
  "val_loss": [],
  "reconstruction_loss": [],
  "kl_loss": [
    657.64306640625,
    520.55908203125,
    374.48944091796875,
    380.2925109863281,
    328.4124450683594,
    232.30931091308594,
    237.49615478515625,
    213.335205078125,
    131.2393798828125,
    162.07159423828125,
    134.58389282226562,
    103.15444946289062,
    116.0753173828125,
    111.5608139038086,
    104.4343490600586,
    108.21045684814453,
    105.86549377441406,
    77.39395141601562,
    98.13739013671875,
    85.47798919677734,
    67.70561218261719,
    79.72772979736328,
    79.32138061523438,
    58.447391510009766,
    70.51160430908203,
    61.673065185546875,
    55.128597259521484,
    56.262996673583984,
    56.669647216796875,
    46.883148193359375
  ],
  "beta": [
    0.00075,
    0.0015,
    0.0022500000000000003,
    0.003,
    0.00375,
    0.0045000000000000005,
    0.00525,
    0.006,
    0.006749999999999999,
    0.0075,
    0.00825,
    0.009000000000000001,
    0.00975,
    0.0105,
    0.01125,
    0.012,
    0.012750000000000001,
    0.013499999999999998,
    0.014249999999999999,
    0.015,
    0.01575,
    0.0165,
    0.01725,
    0.018000000000000002,
    0.018750000000000003,
    0.0195,
    0.02025,
    0.021,
    0.021750000000000002,
    0.0225
  ],
  "spatial_metrics": [],
  "latent_stats": [],
  "gradient_norms": []
}