{
  "loss": [
    5.4224629402160645
  ],
  "reconstruction_loss": [
    5.4224629402160645
  ],
  "kl_loss": [
    156.5145263671875
  ],
  "kl_weight": [
    0.01
  ],
  "beta": [
    1.0
  ],
  "spatial_metrics": [],
  "latent_stats": []
}