{
  "train_loss": [],
  "val_loss": [],
  "reconstruction_loss": [],
  "kl_loss": [
    496.83953857421875,
    417.55072021484375,
    298.86492919921875,
    303.8279724121094,
    271.7798767089844,
    199.37905883789062,
    208.36227416992188,
    171.43409729003906,
    142.79104614257812,
    144.41714477539062,
    140.93621826171875,
    111.7216567993164,
    117.4853515625,
    122.28813171386719,
    99.38960266113281,
    114.786865234375,
    110.30323791503906,
    73.640869140625,
    96.51224517822266,
    87.42744445800781,
    73.0296859741211,
    88.17150115966797,
    76.40704345703125,
    59.136207580566406,
    67.16967010498047,
    69.85563659667969,
    54.00359344482422,
    64.4612045288086,
    53.24717712402344,
    47.11140823364258
  ],
  "beta": [
    0.00075,
    0.0015,
    0.0022500000000000003,
    0.003,
    0.00375,
    0.0045000000000000005,
    0.00525,
    0.006,
    0.006749999999999999,
    0.0075,
    0.00825,
    0.009000000000000001,
    0.00975,
    0.0105,
    0.01125,
    0.012,
    0.012750000000000001,
    0.013499999999999998,
    0.014249999999999999,
    0.015,
    0.01575,
    0.0165,
    0.01725,
    0.018000000000000002,
    0.018750000000000003,
    0.0195,
    0.02025,
    0.021,
    0.021750000000000002,
    0.0225
  ],
  "spatial_metrics": [],
  "latent_stats": [],
  "gradient_norms": []
}