{
  "loss": [
    3.6033449172973633,
    3.958348274230957,
    4.728122711181641
  ],
  "reconstruction_loss": [
    3.6033449172973633,
    2.941307306289673,
    2.889115571975708
  ],
  "kl_loss": [
    86.13384246826172,
    101.7041015625,
    91.95036315917969
  ],
  "kl_weight": [
    0.01,
    0.02,
    0.03
  ],
  "beta": [
    1.0,
    1.0,
    1.0
  ],
  "spatial_metrics": [
    {
      "epoch": 1,
      "avg_distance": 0.10670674592256546,
      "std_distance": 0.06140798330307007,
      "density": 1.0
    },
    {
      "epoch": 1,
      "avg_distance": 0.11057326197624207,
      "std_distance": 0.06563413143157959,
      "density": 1.0
    },
    {
      "epoch": 1,
      "avg_distance": 0.11555585265159607,
      "std_distance": 0.06743812561035156,
      "density": 1.0
    }
  ],
  "latent_stats": []
}