{
  "losses": [
    182.57685899734497,
    141.70045852661133,
    116.06496381759644,
    98.21045351028442,
    85.5237946510315,
    76.01721620559692,
    69.32039165496826,
    64.09758520126343,
    60.34380888938904,
    57.7470018863678,
    55.63876175880432,
    54.46433115005493,
    53.1231107711792,
    52.19271111488342,
    51.13990783691406,
    50.298933029174805,
    49.518760442733765,
    48.74786400794983,
    48.49044847488403,
    48.00746941566467,
    47.71454358100891,
    47.62619233131409,
    47.36498999595642,
    47.25584268569946,
    47.24018573760986,
    47.22801494598389,
    47.06871557235718,
    47.00574827194214,
    47.135332345962524,
    47.02989196777344,
    46.95764636993408,
    47.066441774368286,
    46.93355679512024,
    46.91789388656616,
    46.8834171295166,
    46.962831258773804,
    46.89598774909973,
    46.865912199020386,
    46.92338728904724,
    46.82561469078064,
    46.89203429222107,
    46.86496424674988,
    46.82708668708801,
    46.815492153167725,
    46.81704235076904,
    46.80134630203247,
    46.800851345062256,
    46.683199644088745,
    46.79538869857788,
    46.72417712211609,
    46.71924829483032,
    46.80798935890198,
    46.778210401535034,
    46.77457094192505,
    46.900108337402344,
    46.862369775772095,
    46.89603638648987,
    46.70262098312378,
    46.86143636703491,
    46.72819256782532,
    46.80389738082886,
    46.7827582359314,
    46.75810933113098,
    46.86407208442688,
    46.767109632492065,
    46.79281663894653,
    46.760058641433716,
    46.82910227775574,
    46.72523522377014,
    46.761049032211304,
    46.69688653945923,
    46.80766820907593,
    46.708223819732666,
    46.81104636192322,
    46.73388957977295,
    46.77205801010132,
    46.707528829574585,
    46.74302363395691,
    46.799370527267456,
    46.855910301208496,
    46.85520601272583,
    46.8200044631958,
    46.71268439292908,
    46.72809982299805,
    46.680360317230225,
    46.75462818145752,
    46.76717257499695,
    46.8561007976532,
    46.721933364868164,
    46.788631439208984,
    46.860281467437744,
    46.820181369781494,
    46.72390174865723,
    46.76690149307251,
    46.74580669403076,
    46.890955448150635,
    46.793967962265015,
    46.80893397331238,
    46.76339340209961,
    46.74156928062439
  ],
  "epoch_times": [
    8.382709980010986,
    1.7681591510772705,
    1.7827048301696777,
    1.7507309913635254,
    1.7508001327514648,
    1.7499122619628906,
    1.7533519268035889,
    1.7393689155578613,
    1.773125171661377,
    1.7527480125427246,
    1.7743401527404785,
    1.783458948135376,
    1.77534818649292,
    1.7318401336669922,
    1.7501649856567383,
    1.7659332752227783,
    1.7668161392211914,
    1.7507200241088867,
    1.7573609352111816,
    1.7529008388519287,
    1.7656090259552002,
    1.746330976486206,
    1.7739529609680176,
    1.802366018295288,
    1.761228084564209,
    1.8052849769592285,
    1.7629661560058594,
    1.792733907699585,
    1.7674641609191895,
    1.7568910121917725,
    1.7513020038604736,
    1.775550365447998,
    1.7670960426330566,
    1.7681610584259033,
    1.7746520042419434,
    1.7968878746032715,
    1.774029016494751,
    1.788020133972168,
    1.7731871604919434,
    1.7514350414276123,
    1.786496639251709,
    1.7706291675567627,
    1.7623109817504883,
    1.733616828918457,
    1.7562549114227295,
    1.7479150295257568,
    1.7521841526031494,
    1.7783806324005127,
    1.768186092376709,
    1.7878808975219727,
    1.7825748920440674,
    1.7660670280456543,
    1.778529167175293,
    1.788498878479004,
    1.7651488780975342,
    1.796375036239624,
    1.7488300800323486,
    1.747359037399292,
    1.74444580078125,
    1.7510759830474854,
    1.766007900238037,
    1.7771403789520264,
    1.7747681140899658,
    1.7662630081176758,
    1.8019027709960938,
    1.7997357845306396,
    1.8008790016174316,
    1.780081033706665,
    1.7784428596496582,
    1.762552261352539,
    1.7799508571624756,
    1.7851269245147705,
    1.8001210689544678,
    1.7764289379119873,
    1.7696290016174316,
    1.7737388610839844,
    1.7812857627868652,
    1.7695162296295166,
    1.7847065925598145,
    1.74941086769104,
    1.7475898265838623,
    1.7466280460357666,
    1.7356929779052734,
    1.7220568656921387,
    1.7513198852539062,
    1.7222158908843994,
    1.7486200332641602,
    1.7601478099822998,
    1.7399380207061768,
    1.7516100406646729,
    1.7553648948669434,
    1.7547600269317627,
    1.7241647243499756,
    1.7563693523406982,
    1.7435619831085205,
    1.759599208831787,
    1.7515239715576172,
    1.7553410530090332,
    1.7505390644073486,
    1.8297688961029053
  ],
  "memory_usage": [
    0.545135498046875,
    0.5476226806640625,
    0.5484161376953125,
    0.549652099609375,
    0.5509490966796875,
    0.5516204833984375,
    0.5520477294921875,
    0.552581787109375,
    0.55322265625,
    0.5536346435546875,
    0.6093292236328125,
    0.6096649169921875,
    0.60992431640625,
    0.610198974609375,
    0.6106414794921875,
    0.611083984375,
    0.611541748046875,
    0.6121368408203125,
    0.61260986328125,
    0.613067626953125,
    0.622894287109375,
    0.6232147216796875,
    0.6233062744140625,
    0.6238861083984375,
    0.6240234375,
    0.6245269775390625,
    0.62493896484375,
    0.62530517578125,
    0.62554931640625,
    0.6259307861328125,
    0.6400909423828125,
    0.640594482421875,
    0.6407470703125,
    0.64117431640625,
    0.6415252685546875,
    0.6420440673828125,
    0.6425018310546875,
    0.6428070068359375,
    0.643157958984375,
    0.6434326171875,
    0.656646728515625,
    0.656829833984375,
    0.6570281982421875,
    0.657440185546875,
    0.6576995849609375,
    0.6580352783203125,
    0.6581878662109375,
    0.6586456298828125,
    0.6589813232421875,
    0.65924072265625,
    0.6731414794921875,
    0.673431396484375,
    0.6737060546875,
    0.67401123046875,
    0.67431640625,
    0.6746063232421875,
    0.6748504638671875,
    0.6751861572265625,
    0.6754302978515625,
    0.67572021484375,
    0.6884765625,
    0.6888885498046875,
    0.68890380859375,
    0.6891937255859375,
    0.689361572265625,
    0.68963623046875,
    0.6900177001953125,
    0.6903228759765625,
    0.6905670166015625,
    0.6908111572265625,
    0.6973876953125,
    0.69769287109375,
    0.6978912353515625,
    0.698089599609375,
    0.6985626220703125,
    0.698944091796875,
    0.699310302734375,
    0.6996612548828125,
    0.6998443603515625,
    0.7000885009765625,
    0.7128143310546875,
    0.7130279541015625,
    0.7133026123046875,
    0.7136077880859375,
    0.7139129638671875,
    0.7145538330078125,
    0.7149200439453125,
    0.7153472900390625,
    0.7154998779296875,
    0.7158660888671875,
    0.717254638671875,
    0.7175445556640625,
    0.7175750732421875,
    0.7177734375,
    0.7181396484375,
    0.718505859375,
    0.7187652587890625,
    0.718994140625,
    0.7193450927734375,
    0.719818115234375
  ],