{
  "train_loss": [],
  "val_loss": [],
  "reconstruction_loss": [],
  "kl_loss": [
    500.63299560546875,
    430.36236572265625,
    281.2389221191406,
    311.1488037109375,
    268.48162841796875,
    179.97509765625,
    204.1578826904297,
    167.46534729003906,
    122.66590881347656,
    151.77346801757812,
    119.63243103027344,
    96.95205688476562,
    116.460205078125,
    108.42405700683594,
    87.65620422363281,
    104.23382568359375,
    99.0999755859375,
    73.85661315917969,
    86.25609588623047,
    86.57969665527344,
    66.94774627685547,
    70.8524398803711,
    76.60237121582031,
    56.89735794067383,
    62.98925018310547,
    65.12852478027344,
    46.925254821777344,
    53.87860107421875,
    54.41267395019531,
    41.77623748779297
  ],
  "beta": [
    0.00075,
    0.0015,
    0.0022500000000000003,
    0.003,
    0.00375,
    0.0045000000000000005,
    0.00525,
    0.006,
    0.006749999999999999,
    0.0075,
    0.00825,
    0.009000000000000001,
    0.00975,
    0.0105,
    0.01125,
    0.012,
    0.012750000000000001,
    0.013499999999999998,
    0.014249999999999999,
    0.015,
    0.01575,
    0.0165,
    0.01725,
    0.018000000000000002,
    0.018750000000000003,
    0.0195,
    0.02025,
    0.021,
    0.021750000000000002,
    0.0225
  ],
  "spatial_metrics": [],
  "latent_stats": [],
  "gradient_norms": []
}