{
  "num_levels": 1000,
  "difficulty": {
    "mean": 0.5000000000000001,
    "std": 0.17337837252685256,
    "min": 0.2,
    "max": 0.8
  },
  "time_limit": {
    "mean": 239.138,
    "std": 26.601784827338182,
    "min": 176,
    "max": 303
  },
  "objects_per_level": {
    "mean": 12.054,
    "std": 3.272168088592027,
    "min": 6,
    "max": 21
  },
  "object_type_distribution": {
    "7": 570,
    "2": 670,
    "17": 790,
    "13": 553,
    "5": 650,
    "16": 784,
    "1": 650,
    "9": 578,
    "10": 566,
    "12": 568,
    "15": 805,
    "6": 650,
    "3": 692,
    "8": 602,
    "11": 577,
    "4": 689,
    "14": 848,
    "18": 812
  }
}