{
  "time_mean": 142.78745644599303,
  "time_std": 37.07840994128841,
  "goal_mean": 29.790940766550523,
  "goal_std": 12.826836040440297
}